<?xml version="1.0" encoding="UTF-8"?>
<!DOCTYPE xml>
<configuration debug="true">
	<property name="LOG_FILE_LOCATION" value="logs" />
	<property name="LOG_FILE_NAME" value="KeepNote" />
	<property name="LOG_FILE_EXTENSION" value=".log" />
	<timestamp key="bySecond" datePattern="yyyyMMdd'T'HHmmss"
		timeReference="contextBirth" />

	<!--<timestamp key="bySecond" datePattern="yyyyMMdd" /> -->
	<appender name="STDOUT"
		class="ch.qos.logback.core.ConsoleAppender">
		<layout class="ch.qos.logback.classic.PatternLayout">
			<Pattern> %d{yyyy-MM-dd HH:mm:ss} [%thread] %-5level %logger{36} -
				%msg%n</Pattern>
		</layout>
	</appender>

	<appender name="FILE-AUDIT"
		class="ch.qos.logback.core.FileAppender">
		<file>${LOG_FILE_LOCATION}/${LOG_FILE_NAME}_${bySecond}${LOG_FILE_EXTENSION}</file>

		<encoder
			class="ch.qos.logback.classic.encoder.PatternLayoutEncoder">
			<!-- <Pattern> %d{yyyy-MM-dd HH:mm:ss} - %msg%n </Pattern> -->
			<Pattern>%d{yyyy-MM-dd HH:mm:ss} [%thread] %-5level %logger{36} -
				%msg%n</Pattern>
		</encoder>
	</appender>

	<!-- Send logs to both console and file audit -->
	<logger name="com.stackroute" level="error" additivity="false">
		<appender-ref ref="FILE-AUDIT" />
		<appender-ref ref="STDOUT" />
	</logger>

	<root level="ERROR">
		<appender-ref ref="FILE-AUDIT" />
		<appender-ref ref="STDOUT" />
	</root>
</configuration>